209.0,
 147.0,
 126.0,
 135.0,
 127.0,
 471.0,
 160.0,
 133.0,
 140.0,
 120.0,
 301.0,
 101.0,
 105.0,
 133.0,
 137.0,
 267.0,
 123.0,
 128.0,
 135.0,
 125.0,
 147.0,
 202.0,
 147.0,
 133.0,
 376.0,
 151.0,
 182.0,
 121.0,
 135.0,
 375.0,
 153.0,
 201.0,
 133.0,
 135.0,
 262.0,
 183.0,
 227.0,
 139.0,
 140.0,
 285.0,
 158.0,
 113.0,
 105.0,
 91.0,
 95.0,
 155.0,
 108.0,
 95.0,
 89.0,
 93.0,
 155.0,
 105.0,
 91.0,
 181.0,
 107.0,
 155.0,
 93.0,
 105.0,
 119.0,
 99.0,
 88.0,
 87.0,
 99.0,
 115.0,
 99.0,
 92.0,
 102.0,
 135.0,
 91.0,
 77.0,
 99.0,
 93.0,
 183.0,
 91.0,
 89.0,
 91.0,
 91.0,
 109.0,
108.0,
 87.0,
 122.0,
 93.0,
 306.0,
 126.0,
 91.0,
 88.0,
 233.0,
 231.0,
 108.0,
 90.0,
 88.0,
 89.0,
 316.0,
 121.0,
 86.0,
 91.0,
 87.0,
 227.0,
 117.0,
94.0,
 103.0,
 91.0,
 175.0,
 121.0,
 99.0,
 91.0,
 299.0,
 181.0,
 107.0,
 95.0,
 89.0,
 84.0,
185.0,
 105.0,
 87.0,
 85.0,
 90.0,
 274.0,
 179.0,
 159.0,
 152.0,
 149.0,
 159.0,
 187.0,
 160.0,
 154.0,
 157.0,
 153.0,
 185.0,
 133.0,
 263.0,
 137.0,
179.0,
 199.0,
 159.0,
 231.0,
 163.0,
 151.0,
 159.0,
 155.0,
 182.0,
 163.0,
 165.0,
 149.0,
 248.0,
 179.0,
 155.0,
 137.0,
 147.0,
 247.0,
 168.0,
 163.0,
 159.0,
 158.0,
 219.0,
 182.0,
 153.0,
 149.0,
 149.0,
 271.0,
 171.0,
 368.0,
 217.0,
 152.0,
 110.0,
 187.0,
 155.0,
 207.0,
 152.0,
 165.0,
 155.0,
 156.0,
 299.0,
 157.0,
 157.0,
 157.0,
 163.0,
 275.0,
 187.0,
 159.0,
 153.0,
 273.0,
 284.0,
 167.0,
 151.0,
 159.0,
 155.0,
 215.0,
 199.0,
 151.0,
 170.0,
 347.0,
 200.0,
 157.0,
 167.0,
 157.0,
 155.0,
 344.0,
 181.0,
 171.0,
 169.0,
 158.0,
 254.0,
 185.0,
 171.0,
 171.0,
 169.0,
 246.0,
 235.0,
 236.0,
 185.0,
 172.0,
 213.0,
 210.0,
 205.0,
 261.0,
 168.0,
 167.0,
 169.0,
 165.0,
 235.0,
 167.0,
 183.0,
 175.0,
 178.0,
 214.0,
 157.0,
 159.0,
 164.0,
 145.0,
 227.0,
 173.0,
 173.0,
 169.0,
 231.0,
 204.0,
 168.0,
 163.0,
 173.0,
 189.0,
 187.0,
 165.0,
 165.0,
 280.0,
 173.0,
 189.0,
 165.0,
 163.0,
 252.0,
 167.0,
 167.0,
 157.0,
 167.0,
 395.0,
 201.0,
 207.0,
 171.0,
 168.0,
 461.0,
 187.0,
 169.0,
 165.0,
 185.0,
 269.0,
 175.0,
 159.0,
 147.0,
 173.0,
 359.0,
187.0,
 172.0,
 181.0,
 188.0,
 441.0,
 199.0,
 173.0,
 169.0,
 173.0,
 423.0,
 294.0,
 287.0,
 275.0,
 294.0,
 301.0,
 280.0,
 279.0,
 276.0,
 287.0,
 347.0,
 331.0,
 312.0,
 285.0,
 275.0,
 360.0,
 360.0,
 286.0,
 269.0,
 277.0,
 284.0,
 383.0,
 287.0,
 283.0,
 276.0,
 263.0,
 380.0,
 282.0,
 282.0,
 268.0,
 273.0,
 315.0,
 278.0,
 279.0,
 319.0,
 270.0,
 355.0,
 283.0,
 279.0,
 254.0,
 275.0,
 355.0,
 281.0,
 275.0,
 283.0,
 475.0,
 458.0,
 293.0,
 279.0,
 276.0,
 275.0,
 363.0,
 277.0,
 275.0,
 263.0,
 344.0,
 365.0,
 271.0,
 261.0,
 293.0,
 347.0,
 341.0,
 271.0,
 275.0,
 278.0,
 349.0,
 518.0,
 301.0,
 293.0,
 267.0,
 340.0,
 327.0,
 303.0,
 275.0,
 278.0,
 273.0,
 475.0,
 379.0,
 277.0,
 273.0,
 316.0,
 427.0,
 214.0,
 175.0,
 181.0,
 251.0,
 214.0,
 173.0,
 179.0,
 179.0,
 191.0,
 255.0,
 243.0,
 173.0,
 175.0,
 179.0,
 254.0,
 303.0,
 179.0,
 166.0,
 173.0,
 185.0,
 172.0,
 165.0,
 197.0,
 171.0,
 287.0,
 191.0,
 175.0,
 201.0,
 186.0,
 251.0,
 189.0,
 172.0,
 175.0,
 172.0,
 285.0,
 203.0,
 175.0,
 163.0,
 179.0,
 250.0,
 169.0,
 180.0,
 183.0,
 165.0,
 343.0,
 243.0,
179.0,
 169.0,
 181.0,
 175.0,
 206.0,
 181.0,
 173.0,
 175.0,
 187.0,
 201.0,
 184.0,
 201.0,
 232.0,
 391.0,
 201.0,
 171.0,
 196.0,
 205.0,
 429.0,
 183.0,
 179.0,
 239.0,
 211.0,
 435.0,
 189.0,
 183.0,
 261.0,
 191.0,
 373.0,
 182.0,
 152.0,
 253.0,
 187.0,
 345.0,
 133.0,
 121.0,
 167.0,
 137.0,
 109.0,
 124.0,
 103.0,
 297.0,
 137.0,
 117.0,
 107.0,
 105.0,
 275.0,
 149.0,
 125.0,
 123.0,
 44.0,
 205.0,
 139.0,
 125.0,
 123.0,
 121.0,
 179.0,
 172.0,
 125.0,
 121.0,
 124.0,
 115.0,
 147.0,
 135.0,
 127.0,
 123.0,
 123.0,
 218.0,
 141.0,
 118.0,
 139.0,
 115.0,
 125.0,
 187.0,
 121.0,
 120.0,
 135.0,
 118.0,
 147.0,
 168.0,
 119.0,
 357.0,
 149.0,
 142.0,
 119.0,
 122.0,
 123.0,
 149.0,
 119.0,
 133.0,
 117.0,
 231.0,
 159.0,
 117.0,
 137.0,
 147.0,
 110.0,
 153.0,
157.0,
 155.0,
 183.0,
 123.0,
 251.0,
 120.0,
 152.0,
 125.0,
 375.0,
 139.0,
 105.0,
 185.0,
 120.0,
 349.0,
 149.0,
 121.0,
 183.0,
 133.0,
 357.0,
 167.0,
 165.0,
 227.0,
 164.0,
 163.0,
 155.0,
 164.0,
 281.0,
 183.0,
 159.0,
 152.0,
 165.0,
 249.0,
 169.0,
 151.0,
 125.0,
 211.0,
 175.0,
 155.0,
 169.0,
 155.0,
 240.0,
 183.0,
 159.0,
 151.0,
 159.0,
 244.0,
 157.0,
 150.0,
 155.0,
 153.0,
 228.0,
 158.0,
 152.0,
 157.0,
 157.0,
 184.0,
 154.0,
 145.0,
 201.0,
 225.0,
 174.0,
 149.0,
 147.0,
 200.0,
 157.0,
 159.0,
 159.0,
 393.0,
 171.0,
 151.0,
 159.0,
 183.0,
 254.0,
 187.0,
 159.0,
 210.0,
 185.0,
 168.0,
 221.0,
 167.0,
 217.0,
 159.0,
 157.0,
 189.0,
 169.0,
 171.0,
 147.0,
 399.0,
 172.0,
 220.0,
 157.0,
 157.0,
 375.0,
 156.0,
 211.0,
 172.0,
 159.0,
 409.0,
 89.0,
 160.0,
 102.0,
 84.0,
 83.0,
 199.0,
 140.0,
 105.0,
 83.0,
 90.0,
 167.0,
 145.0,

